Model,Test samples,Hamming loss,Exact-match accuracy,Mean macro F1
Random Forest,42,0.3253968253968254,0.5238095238095238,0.525090830400161
Logistic Regression,42,0.42857142857142855,0.40476190476190477,0.46429190959634714
