{
  "model_name": "logistic_regression",
  "model_version": "0.1.0",
  "timestamp": "2026-07-12T11:37:09.379533+00:00",
  "n_test_samples": 42,
  "labels": [
    "y2",
    "y3",
    "y4"
  ],
  "per_label": {
    "y2": {
      "accuracy": 0.7142857142857143,
      "precision_macro": 0.6872082166199812,
      "recall_macro": 0.6860902255639098,
      "f1_macro": 0.6850295673825085,
      "f1_weighted": 0.7159975101151572,
      "n_classes": 3,
      "support": 42
    },
    "y3": {
      "accuracy": 0.5,
      "precision_macro": 0.3752913752913753,
      "recall_macro": 0.447774020850944,
      "f1_macro": 0.3693528693528693,
      "f1_weighted": 0.514172335600907,
      "n_classes": 11,
      "support": 42
    },
    "y4": {
      "accuracy": 0.5,
      "precision_macro": 0.34901960784313724,
      "recall_macro": 0.3995416348357525,
      "f1_macro": 0.3384932920536636,
      "f1_weighted": 0.5071010860484545,
      "n_classes": 14,
      "support": 42
    }
  },
  "overall": {
    "hamming_loss": 0.42857142857142855,
    "exact_match_accuracy": 0.40476190476190477,
    "mean_f1_macro": 0.46429190959634714
  }
}