{
  "best_model": "random_forest",
  "selection_metric": "mean_f1_macro",
  "models": {
    "random_forest": {
      "hamming_loss": 0.3253968253968254,
      "exact_match_accuracy": 0.5238095238095238,
      "mean_f1_macro": 0.525090830400161
    },
    "logistic_regression": {
      "hamming_loss": 0.42857142857142855,
      "exact_match_accuracy": 0.40476190476190477,
      "mean_f1_macro": 0.46429190959634714
    }
  }
}